step,population_count,total_monomer_mass,mean_purine_ratio,mean_radiotropism,births,deaths,injected_gross,inject_clip,diffusion_clip,birth_sink,death_return
1,150,3600.0,1.5,0.5,30,0,2025.0,0.0,0.0,450.0,0.0
2,159,5490.0,1.5,0.5,9,0,2025.0,0.0,0.0,135.0,0.0
3,162,7470.000000000001,1.5,0.5,3,0,2025.0,0.0,0.0,45.0,0.0
4,166,8262.052294921876,1.4997019442263209,0.49997638366415886,4,0,2025.0,1172.947705078125,0.0,60.0,0.0
5,175,8414.992797698975,1.4997172728089674,0.49997759821857357,9,0,2025.0,1737.0594972229005,0.0,135.0,0.0
6,178,8555.888445676805,1.4997220378739846,0.4999779757766875,3,0,2025.0,1839.1043520221715,0.0,45.0,0.0
7,181,8684.163240986483,1.4997266449810458,0.49997834081906284,3,0,2025.0,1851.7252046903193,0.0,45.0,0.0
8,181,8851.127942164625,1.4997266449810458,0.49997834081906284,0,0,2025.0,1858.0352988218594,0.0,0.0,0.0
9,181,9012.455111303603,1.4997266449810458,0.49997834081906284,0,0,2025.0,1863.6728308610207,0.0,0.0,0.0
10,185,9107.041939792553,1.4997525448771685,0.5000057322121971,4,0,2025.0,1870.4131715110514,0.0,60.0,0.0
11,189,9195.540276409449,1.499757782022625,0.5000056108955369,4,0,2025.0,1876.5016633831042,0.0,60.0,0.0
12,192,9284.64644758193,1.4997615666785216,0.5000055232252941,4,1,2025.0,1880.8938288275192,0.0,60.0,5.0
13,195,9369.89420088828,1.4997652348834674,0.5000054382525972,4,1,2025.0,1884.7522466936468,0.0,60.0,5.0
14,193,9516.704747746486,1.4997628020843323,0.5000054946075464,0,2,2025.0,1888.189453141796,0.0,0.0,10.0
15,194,9635.411269370472,1.4997640247540007,0.5000054662848271,1,0,2025.0,1891.293478376013,0.0,15.0,0.0
16,196,9735.171584978365,1.4997664326646742,0.5000054105064106,2,0,2025.0,1895.2396843921065,0.0,30.0,0.0
17,196,9861.560147632088,1.4997664326646742,0.5000054105064106,0,0,2025.0,1898.6114373462783,0.0,0.0,0.0
18,196,9985.133278707419,1.4997664326646742,0.5000054105064106,0,0,2025.0,1901.4268689246683,0.0,0.0,0.0
19,198,10075.571875486772,1.4997687919306877,0.5000053558548306,2,0,2025.0,1904.5614032206477,0.0,30.0,0.0
20,203,10118.07896533867,1.4995307563736229,0.499985912056684,5,0,2025.0,1907.4929101481039,0.0,75.0,0.0
21,203,10232.840908528826,1.4995307563736229,0.499985912056684,0,0,2025.0,1910.2380568098413,0.0,0.0,0.0
22,203,10345.1343017156,1.4995307563736229,0.499985912056684,0,0,2025.0,1912.7066068132267,0.0,0.0,0.0
23,203,10455.355520118168,1.4995307563736229,0.499985912056684,0,0,2025.0,1914.778781597433,0.0,0.0,0.0
24,203,10563.56816144865,1.4995307563736229,0.499985912056684,0,0,2025.0,1916.7873586695177,0.0,0.0,0.0
25,204,10654.840398326334,1.4995330565874776,0.4999859811152297,1,0,2025.0,1918.727763122315,0.0,15.0,0.0
26,206,10729.242905127958,1.4995375900186672,0.4999861172209071,2,0,2025.0,1920.5974931983758,0.0,30.0,0.0
27,209,10776.847288499353,1.499544227482514,0.4999863164952481,4,1,2025.0,1922.3956166286064,0.0,60.0,5.0
28,209,10877.756554116932,1.499544227482514,0.4999863164952481,0,0,2025.0,1924.090734382422,0.0,0.0,0.0
29,209,10977.09811227908,1.499544227482514,0.4999863164952481,0,0,2025.0,1925.6584418378495,0.0,0.0,0.0
30,210,11060.049705939204,1.4995463978278354,0.49998638165479453,1,0,2025.0,1927.0484063398758,0.0,15.0,0.0
31,210,11136.638777781136,1.4995463978278354,0.49998638165479453,2,2,2025.0,1928.4109281580718,0.0,30.0,10.0
32,210,11231.896932365074,1.4995463978278354,0.49998638165479453,0,0,2025.0,1929.7418454160565,0.0,0.0,0.0
33,210,11315.885019141597,1.4995463978278354,0.49998638165479453,1,1,2025.0,1931.0119132234793,0.0,15.0,5.0
34,212,11378.686781042587,1.4995506770936105,0.4999865101297493,2,0,2025.0,1932.1982380990096,0.0,30.0,0.0
35,213,11455.32458814762,1.4995527865908236,0.4999865734624735,1,0,2025.0,1933.3621928949685,0.0,15.0,0.0
36,213,11535.839810667052,1.4995527865908236,0.4999865734624735,1,1,2025.0,1934.484777480568,0.0,15.0,5.0
37,215,11595.30039301666,1.49955694671556,0.499986698360497,2,0,2025.0,1935.5394176503908,0.0,30.0,0.0
38,218,11638.742400082123,1.4995800073603316,0.5000097289840043,3,0,2025.0,1936.5579929345383,0.0,45.0,0.0
39,222,11666.20218590774,1.4995875747952807,0.5000095536869952,4,0,2025.0,1937.5402141743828,0.0,60.0,0.0
40,228,11662.721133389185,1.4995984280901418,0.5000093022741795,6,0,2025.0,1938.4810525185553,0.0,90.0,0.0
41,228,11738.35758947143,1.4995984280901418,0.5000093022741795,1,1,2025.0,1939.3635439177533,0.0,15.0,5.0
42,228,11823.188734354224,1.4995984280901418,0.5000093022741795,0,0,2025.0,1940.1688551172083,0.0,0.0,0.0
43,228,11907.305527533023,1.4995984280901418,0.5000093022741795,0,0,2025.0,1940.883206821199,0.0,0.0,0.0
44,229,11975.729002750617,1.4996001816792677,0.5000092616528949,1,0,2025.0,1941.5765247824077,0.0,15.0,0.0
45,231,12028.46213258562,1.4996036433097502,0.500009181465424,2,0,2025.0,1942.266870164995,0.0,30.0,0.0
46,230,12115.508543070242,1.4996019200197928,0.5000092213848388,0,1,2025.0,1942.9535895153815,0.0,0.0,5.0
47,235,12121.888500297333,1.4996261262351456,0.5000302199554001,5,0,2025.0,1943.6200427729086,0.0,75.0,0.0
48,239,12142.616110205872,1.4996323835366494,0.500029714182088,4,0,2025.0,1944.2723900914589,0.0,60.0,0.0
49,239,12222.697899740462,1.4996323835366494,0.500029714182088,0,0,2025.0,1944.9182104654117,0.0,0.0,0.0
50,239,12302.187629579377,1.4996323835366494,0.500029714182088,0,0,2025.0,1945.5102701610838,0.0,0.0,0.0
51,239,12381.1131412057,1.4996323835366494,0.500029714182088,0,0,2025.0,1946.074488373678,0.0,0.0,0.0
52,239,12459.483868821188,1.4996323835366494,0.500029714182088,0,0,2025.0,1946.6292723845113,0.0,0.0,0.0
53,239,12537.306646002202,1.4996323835366494,0.500029714182088,0,0,2025.0,1947.1772228189866,0.0,0.0,0.0
54,239,12614.586655959327,1.4996323835366494,0.500029714182088,0,0,2025.0,1947.7199900428725,0.0,0.0,0.0
55,239,12691.328124292126,1.4996323835366494,0.500029714182088,0,0,2025.0,1948.2585316672048,0.0,0.0,0.0
56,239,12767.534815126182,1.4996323835366494,0.500029714182088,0,0,2025.0,1948.7933091659409,0.0,0.0,0.0
57,239,12843.21037804523,1.4996323835366494,0.500029714182088,0,0,2025.0,1949.324437080953,0.0,0.0,0.0
58,242,12873.358582636149,1.4996369407655339,0.5000293458244588,3,0,2025.0,1949.8517954090814,0.0,45.0,0.0
59,244,12917.983469146213,1.4996399166608982,0.5000291052849141,2,0,2025.0,1950.3751134899371,0.0,30.0,0.0
60,251,12887.089437230541,1.499649958825734,0.5000282935837411,7,0,2025.0,1950.8940319156704,0.0,105.0,0.0
61,253,12930.691836539976,1.4994571636633536,0.5000125746156894,2,0,2025.0,1951.3976006905648,0.0,30.0,0.0
62,255,12973.805113055409,1.4994614212032489,0.5000124759912526,2,0,2025.0,1951.8867234845675,0.0,30.0,0.0
63,257,13016.46547799369,1.4994656124779318,0.5000123789018265,2,0,2025.0,1952.339635061721,0.0,30.0,0.0
64,257,13088.684695408981,1.4994656124779318,0.5000123789018265,0,0,2025.0,1952.7807825847055,0.0,0.0,0.0
65,257,13160.486254371142,1.4994656124779318,0.5000123789018265,0,0,2025.0,1953.1984410378418,0.0,0.0,0.0
66,257,13231.879634155695,1.4994656124779318,0.5000123789018265,0,0,2025.0,1953.6066202154464,0.0,0.0,0.0
67,257,13302.875745137146,1.4994656124779318,0.5000123789018265,0,0,2025.0,1954.0038890185483,0.0,0.0,0.0
68,257,13373.482441325903,1.4994656124779318,0.5000123789018265,0,0,2025.0,1954.393303811244,0.0,0.0,0.0
69,257,13443.70539716466,1.4994656124779318,0.5000123789018265,0,0,2025.0,1954.7770441612436,0.0,0.0,0.0
70,257,13513.548774507633,1.4994656124779318,0.5000123789018265,0,0,2025.0,1955.1566226570258,0.0,0.0,0.0
71,257,13583.01572591232,1.4994656124779318,0.5000123789018265,0,0,2025.0,1955.533048595313,0.0,0.0,0.0
72,257,13652.10877061814,1.4994656124779318,0.5000123789018265,0,0,2025.0,1955.9069552941812,0.0,0.0,0.0
73,257,13720.830071858003,1.4994656124779318,0.5000123789018265,0,0,2025.0,1956.2786987601369,0.0,0.0,0.0
74,257,13789.181638029313,1.4994656124779318,0.5000123789018265,0,0,2025.0,1956.648433828688,0.0,0.0,0.0
75,257,13857.165465408085,1.4994656124779318,0.5000123789018265,0,0,2025.0,1957.0161726212293,0.0,0.0,0.0
76,257,13924.783636260108,1.4994656124779318,0.5000123789018265,0,0,2025.0,1957.3818291479763,0.0,0.0,0.0
77,258,13977.038383177049,1.4994676837473973,0.5000123309215868,1,0,2025.0,1957.7452530830612,0.0,15.0,0.0
78,260,14013.932128076522,1.4994717784878018,0.5000122360683439,2,0,2025.0,1958.1062551005257,0.0,30.0,0.0
79,264,14020.46750242187,1.4994797818440473,0.500012050673369,4,0,2025.0,1958.4646256546528,0.0,60.0,0.0
80,267,14041.647353734195,1.4994856269918668,0.5000119152725446,3,0,2025.0,1958.8201486876742,0.0,45.0,0.0
81,269,14077.475434442107,1.4994894513264998,0.5000118266831577,2,0,2025.0,1959.1719192920873,0.0,30.0,0.0
82,272,14097.957265608755,1.4994950823780457,0.5000116962417993,3,0,2025.0,1959.5181688333532,0.0,45.0,0.0
83,272,14163.101430090801,1.4994950823780457,0.5000116962417993,0,0,2025.0,1959.855835517952,0.0,0.0,0.0
84,274,14197.91846996138,1.4993742586350485,0.49989629308039496,2,0,2025.0,1960.182960129422,0.0,30.0,0.0
85,275,14247.41926580971,1.499376534058194,0.4998966701964663,1,0,2025.0,1960.4992041516684,0.0,15.0,0.0
86,275,14311.614609912194,1.499376534058194,0.4998966701964663,0,0,2025.0,1960.804655897518,0.0,0.0,0.0
87,277,14345.513524246991,1.4993810356173405,0.4998974162600297,2,0,2025.0,1961.101085665203,0.0,30.0,0.0
88,277,14409.124736647675,1.4993810356173405,0.4998974162600297,0,0,2025.0,1961.3887875993155,0.0,0.0,0.0
89,277,14472.45617102299,1.4993810356173405,0.4998974162600297,0,0,2025.0,1961.6685656246855,0.0,0.0,0.0
90,277,14535.51448544523,1.4993810356173405,0.4998974162600297,0,0,2025.0,1961.94168557776,0.0,0.0,0.0
91,277,14598.306451934295,1.4993810356173405,0.4998974162600297,0,0,2025.0,1962.2080335109347,0.0,0.0,0.0
92,277,14660.837775240554,1.4993810356173405,0.4998974162600297,0,0,2025.0,1962.4686766937423,0.0,0.0,0.0
93,278,14708.113246122257,1.4993832621079255,0.4998977852662886,1,0,2025.0,1962.7245291182965,0.0,15.0,0.0
94,281,14725.136885228312,1.4993898464982327,0.4998988765267908,3,0,2025.0,1962.9763608939443,0.0,45.0,0.0
95,285,14726.912074641674,1.4994113857077553,0.4999177721931029,4,0,2025.0,1963.2248105866395,0.0,60.0,0.0
96,287,14758.441675670463,1.4994154875495131,0.4999183452091788,2,0,2025.0,1963.4703989712102,0.0,30.0,0.0
97,289,14789.72882466372,1.4994195326183746,0.49991891029423646,2,0,2025.0,1963.712851006743,0.0,30.0,0.0
98,292,14805.777105720195,1.499438160915812,0.4999368008426041,3,0,2025.0,1963.9517189435262,0.0,45.0,0.0
99,292,14866.59139526331,1.499438160915812,0.4999368008426041,0,0,2025.0,1964.185710456886,0.0,0.0,0.0
100,293,14912.177600675777,1.4994400784553485,0.49993701653938705,1,0,2025.0,1964.4137945875318,0.0,15.0,0.0
