step,population_count,total_monomer_mass,mean_purine_ratio,mean_radiotropism,births,deaths,injected_gross,inject_clip,diffusion_clip,birth_sink,death_return,mean_occupied_degree,clustering_index,mean_y
0,120,2025.0,1.5,0.5,0,0,0.0,0.0,0.0,0.0,0.0,4.666666666666667,12.250000000000002,24.908333333333335
1,150,3600.0,1.5,0.5,30,0,2025.0,0.0,0.0,450.0,0.0,6.0,12.578859060402685,24.92
2,159,5490.0,1.5,0.5,9,0,2025.0,0.0,0.0,135.0,0.0,6.276729559748428,12.40945187485073,24.836477987421382
3,162,7470.000000000001,1.5,0.5,3,0,2025.0,0.0,0.0,45.0,0.0,6.37037037037037,12.359903381642512,24.85185185185185
4,166,8262.052294921876,1.4997019442263209,0.49997638366415886,4,0,2025.0,1172.947705078125,0.0,60.0,0.0,6.433734939759036,12.180230010952902,24.903614457831324
5,175,8414.992797698975,1.4997172728089674,0.49997759821857357,9,0,2025.0,1737.0594972229005,0.0,135.0,0.0,6.571428571428571,11.797413793103448,24.925714285714285
6,178,8555.888445676805,1.4997220378739846,0.4999779757766875,3,0,2025.0,1839.1043520221715,0.0,45.0,0.0,6.617977528089888,11.679608645972197,24.96067415730337
7,181,8684.163240986483,1.4997266449810458,0.49997834081906284,3,0,2025.0,1851.7252046903193,0.0,45.0,0.0,6.640883977900552,11.524700736648251,24.917127071823206
8,181,8851.127942164625,1.4997266449810458,0.49997834081906284,0,0,2025.0,1858.0352988218594,0.0,0.0,0.0,6.640883977900552,11.524700736648251,24.917127071823206
9,181,9012.455111303603,1.4997266449810458,0.49997834081906284,0,0,2025.0,1863.6728308610207,0.0,0.0,0.0,6.640883977900552,11.524700736648251,24.917127071823206
10,185,9107.041939792553,1.4997525448771685,0.5000057322121971,4,0,2025.0,1870.4131715110514,0.0,60.0,0.0,6.724324324324324,11.415819623971798,24.90810810810811
11,189,9195.540276409449,1.499757782022625,0.5000056108955369,4,0,2025.0,1876.5016633831042,0.0,60.0,0.0,6.751322751322752,11.217789598108746,24.93121693121693
12,193,9279.64644758193,1.4997628020843323,0.5000054946075464,4,0,2025.0,1880.8938288275192,0.0,60.0,0.0,6.756476683937824,10.992470854922281,25.00518134715026
13,197,9359.89420088828,1.4997676182856658,0.500005383041911,4,0,2025.0,1884.7522466936468,0.0,60.0,0.0,6.791878172588833,10.824555837563452,24.944162436548222
14,197,9496.704747746486,1.4997676182856658,0.500005383041911,0,0,2025.0,1888.189453141796,0.0,0.0,0.0,6.791878172588833,10.824555837563452,24.944162436548222
15,198,9615.411269370474,1.4997687919306877,0.5000053558548306,1,0,2025.0,1891.293478376013,0.0,15.0,0.0,6.808080808080808,10.795300722965697,24.949494949494948
16,200,9715.171584978367,1.4997711040113808,0.5000053022962824,2,0,2025.0,1895.2396843921065,0.0,30.0,0.0,6.85,10.752606783919598,24.95
17,200,9841.560153811897,1.4997711040113808,0.5000053022962824,0,0,2025.0,1898.6114311664687,0.0,0.0,0.0,6.85,10.752606783919598,24.95
18,200,9965.133330563745,1.4997711040113808,0.5000053022962824,0,0,2025.0,1901.4268232481509,0.0,0.0,0.0,6.85,10.752606783919598,24.95
19,202,10055.572063912667,1.4997733703082978,0.5000052497982993,2,0,2025.0,1904.5612666510806,0.0,30.0,0.0,6.871287128712871,10.678698093689967,24.900990099009903
20,207,10098.07944491964,1.4995398238833113,0.4999861842874727,5,0,2025.0,1907.4926189930247,0.0,75.0,0.0,6.908212560386473,10.475499507527788,24.966183574879228
21,207,10212.841905055193,1.4995398238833113,0.4999861842874727,0,0,2025.0,1910.2375398644483,0.0,0.0,0.0,6.908212560386473,10.475499507527788,24.966183574879228
22,207,10325.136115811514,1.4995398238833113,0.4999861842874727,0,0,2025.0,1912.7057892436803,0.0,0.0,0.0,6.908212560386473,10.475499507527788,24.966183574879228
23,207,10435.358527782053,1.4995398238833113,0.4999861842874727,0,0,2025.0,1914.7775880294603,0.0,0.0,0.0,6.908212560386473,10.475499507527788,24.966183574879228
24,207,10543.572812194257,1.4995398238833113,0.4999861842874727,0,0,2025.0,1916.7857155877964,0.0,0.0,0.0,6.908212560386473,10.475499507527788,24.966183574879228
25,208,10634.847211513013,1.4995420362684877,0.4999862507091676,1,0,2025.0,1918.7256006812445,0.0,15.0,0.0,6.923076923076923,10.44732441471572,24.947115384615383
26,209,10724.252464975696,1.499544227482514,0.4999863164952481,1,0,2025.0,1920.594746537317,0.0,15.0,0.0,6.92822966507177,10.404835296282664,24.966507177033492
27,214,10751.86023819998,1.4995548763731095,0.4999866362033031,5,0,2025.0,1922.3922267757137,0.0,75.0,0.0,6.962616822429907,10.211020797683297,24.985981308411215
28,214,10852.773589378263,1.4995548763731095,0.4999866362033031,0,0,2025.0,1924.086648821721,0.0,0.0,0.0,6.962616822429907,10.211020797683297,24.985981308411215
29,214,10952.088333948483,1.4995548763731095,0.4999866362033031,0,0,2025.0,1925.6852554297761,0.0,0.0,0.0,6.962616822429907,10.211020797683297,24.985981308411215
30,215,11035.02002479304,1.49955694671556,0.499986698360497,1,0,2025.0,1927.0683091554424,0.0,15.0,0.0,6.9581395348837205,10.156770267333188,25.013953488372092
31,217,11101.595096722162,1.4995610301559696,0.4999868209562528,2,0,2025.0,1928.42492807088,0.0,30.0,0.0,6.949308755760368,10.049955197132615,24.95852534562212
32,217,11196.844313977286,1.4995610301559696,0.4999868209562528,0,0,2025.0,1929.750782744873,0.0,0.0,0.0,6.949308755760368,10.049955197132615,24.95852534562212
33,218,11275.827824627808,1.4995630437791074,0.4999868814105819,1,0,2025.0,1931.01648934948,0.0,15.0,0.0,6.944954128440367,9.997373483279077,24.96330275229358
34,219,11353.62878550171,1.4995650390129929,0.4999869413128167,1,0,2025.0,1932.199039126098,0.0,15.0,0.0,6.940639269406392,9.945331154957898,24.958904109589042
35,220,11430.26907626375,1.4995670161083883,0.4999870006704857,1,0,2025.0,1933.3597092379584,0.0,15.0,0.0,6.9363636363636365,9.8938200498132,24.922727272727272
36,221,11505.789662342917,1.4995689753115178,0.49998705949098127,1,0,2025.0,1934.4794139208345,0.0,15.0,0.0,6.950226244343892,9.868531468531469,24.959276018099548
37,223,11565.232018391001,1.4995728410037912,0.49998717554935806,2,0,2025.0,1935.5576439519136,0.0,30.0,0.0,6.968609865470852,9.8054932735426,24.95964125560538
38,227,11593.63744235073,1.4995966590508911,0.500009343253361,4,0,2025.0,1936.5945760402738,0.0,60.0,0.0,6.995594713656388,9.669242914506258,24.94273127753304
39,230,11636.046553165066,1.4996019200197928,0.5000092213848388,3,0,2025.0,1937.5908891856623,0.0,45.0,0.0,7.017391304347826,9.572303968103284,24.965217391304346
40,236,11632.504204963341,1.4996120406972555,0.5000089869428515,6,0,2025.0,1938.5423482017252,0.0,90.0,0.0,7.033898305084746,9.349846736386585,25.008474576271187
41,237,11703.087385636843,1.499613677656339,0.5000089490232613,1,0,2025.0,1939.4168193264998,0.0,15.0,0.0,7.037974683544304,9.315624329543017,24.9789029535865
42,237,11787.862742322963,1.499613677656339,0.5000089490232613,0,0,2025.0,1940.2246433138816,0.0,0.0,0.0,7.037974683544304,9.315624329543017,24.9789029535865
43,237,11871.915829836755,1.499613677656339,0.5000089490232613,0,0,2025.0,1940.9469124862073,0.0,0.0,0.0,7.037974683544304,9.315624329543017,24.9789029535865
44,238,11940.27010020496,1.4996153008594635,0.5000089114223233,1,0,2025.0,1941.6457296317926,0.0,15.0,0.0,7.050420168067227,9.29272151898734,24.983193277310924
45,241,11977.930446815799,1.4996200896454452,0.500008800491755,3,0,2025.0,1942.3396533891614,0.0,45.0,0.0,7.070539419087137,9.202748962655601,24.929460580912863
46,242,12044.902027360236,1.4996216595229435,0.5000087641260865,1,0,2025.0,1943.0284194555636,0.0,15.0,0.0,7.082644628099174,9.180253592126471,24.962809917355372
47,244,12096.20632658205,1.4996247606743947,0.5000086922889875,2,0,2025.0,1943.6957007781853,0.0,30.0,0.0,7.098360655737705,9.124898805909734,24.942622950819672
48,249,12101.874237278947,1.4996322956006116,0.5000085177450319,5,0,2025.0,1944.3320893031043,0.0,75.0,0.0,7.140562248995984,8.994085211815001,24.97991967871486
49,249,12181.92709014424,1.4996322956006116,0.5000085177450319,0,0,2025.0,1944.9471471347063,0.0,0.0,0.0,7.140562248995984,8.994085211815001,24.97991967871486
50,249,12261.379090949486,1.4996322956006116,0.5000085177450319,0,0,2025.0,1945.5479991947557,0.0,0.0,0.0,7.140562248995984,8.994085211815001,24.97991967871486
51,249,12340.267794334435,1.4996322956006116,0.5000085177450319,0,0,2025.0,1946.1112966150465,0.0,0.0,0.0,7.140562248995984,8.994085211815001,24.97991967871486
52,249,12418.602557124097,1.4996322956006116,0.5000085177450319,0,0,2025.0,1946.6652372103406,0.0,0.0,0.0,7.140562248995984,8.994085211815001,24.97991967871486
53,249,12496.390262551917,1.4996322956006116,0.5000085177450319,0,0,2025.0,1947.2122945721808,0.0,0.0,0.0,7.140562248995984,8.994085211815001,24.97991967871486
54,249,12573.63622055553,1.4996322956006116,0.5000085177450319,0,0,2025.0,1947.7540419963848,0.0,0.0,0.0,7.140562248995984,8.994085211815001,24.97991967871486
55,250,12635.344825005266,1.4996337664182093,0.5000084836740518,1,0,2025.0,1948.2913955502654,0.0,15.0,0.0,7.152,8.972313253012048,24.968
56,250,12711.520025074384,1.4996337664182093,0.5000084836740518,0,0,2025.0,1948.824799930883,0.0,0.0,0.0,7.152,8.972313253012048,24.968
57,250,12787.165655364759,1.4996337664182093,0.5000084836740518,0,0,2025.0,1949.354369709622,0.0,0.0,0.0,7.152,8.972313253012048,24.968
58,250,12862.290932921018,1.4996337664182093,0.5000084836740518,0,0,2025.0,1949.8747224437432,0.0,0.0,0.0,7.152,8.972313253012048,24.968
59,252,12906.901043049034,1.4996366730339377,0.5000084163433053,2,0,2025.0,1950.3898898719822,0.0,30.0,0.0,7.150793650793651,8.899319389110227,25.01984126984127
60,260,12861.001023295594,1.4996478523252013,0.500008157378896,8,0,2025.0,1950.9000197534424,0.0,120.0,0.0,7.184615384615385,8.66522869022869,24.965384615384615
61,264,12874.595936430527,1.4994657740383392,0.49999318411652777,4,0,2025.0,1951.4050868650638,0.0,60.0,0.0,7.204545454545454,8.557109834082267,24.96590909090909
62,265,12932.70152974578,1.4994677899853646,0.49999320983684276,1,0,2025.0,1951.8944066847505,0.0,15.0,0.0,7.2075471698113205,8.528248284734133,24.939622641509434
63,265,13005.349378257208,1.4994677899853646,0.49999320983684276,0,0,2025.0,1952.3521514885713,0.0,0.0,0.0,7.2075471698113205,8.528248284734133,24.939622641509434
64,265,13077.550197307464,1.4994677899853646,0.49999320983684276,0,0,2025.0,1952.7991809497435,0.0,0.0,0.0,7.2075471698113205,8.528248284734133,24.939622641509434
65,265,13149.325673115776,1.4994677899853646,0.49999320983684276,0,0,2025.0,1953.2245241916874,0.0,0.0,0.0,7.2075471698113205,8.528248284734133,24.939622641509434
66,265,13220.68798031974,1.4994677899853646,0.49999320983684276,0,0,2025.0,1953.6376927960357,0.0,0.0,0.0,7.2075471698113205,8.528248284734133,24.939622641509434
67,265,13291.646170149821,1.4994677899853646,0.49999320983684276,0,0,2025.0,1954.0418101699188,0.0,0.0,0.0,7.2075471698113205,8.528248284734133,24.939622641509434
68,265,13362.207041152435,1.4994677899853646,0.49999320983684276,0,0,2025.0,1954.4391289973873,0.0,0.0,0.0,7.2075471698113205,8.528248284734133,24.939622641509434
69,265,13432.375803435787,1.4994677899853646,0.49999320983684276,0,0,2025.0,1954.8312377166478,0.0,0.0,0.0,7.2075471698113205,8.528248284734133,24.939622641509434
70,265,13502.156581668969,1.4994677899853646,0.49999320983684276,0,0,2025.0,1955.2192217668196,0.0,0.0,0.0,7.2075471698113205,8.528248284734133,24.939622641509434
71,265,13571.552792513514,1.4994677899853646,0.49999320983684276,0,0,2025.0,1955.6037891554536,0.0,0.0,0.0,7.2075471698113205,8.528248284734133,24.939622641509434
72,265,13640.567424599349,1.4994677899853646,0.49999320983684276,0,0,2025.0,1955.985367914166,0.0,0.0,0.0,7.2075471698113205,8.528248284734133,24.939622641509434
73,265,13709.203243164058,1.4994677899853646,0.49999320983684276,0,0,2025.0,1956.3641814352902,0.0,0.0,0.0,7.2075471698113205,8.528248284734133,24.939622641509434
74,265,13777.462936731048,1.4994677899853646,0.49999320983684276,0,0,2025.0,1956.7403064330103,0.0,0.0,0.0,7.2075471698113205,8.528248284734133,24.939622641509434
75,265,13845.349219449963,1.4994677899853646,0.49999320983684276,0,0,2025.0,1957.113717281086,0.0,0.0,0.0,7.2075471698113205,8.528248284734133,24.939622641509434
76,267,13882.864899757195,1.4994717765772343,0.49999326069948813,2,0,2025.0,1957.484319692768,0.0,30.0,0.0,7.213483146067416,8.471096984033117,24.96629213483146
77,267,13950.012923672384,1.4994717765772343,0.49999326069948813,0,0,2025.0,1957.8519760848112,0.0,0.0,0.0,7.213483146067416,8.471096984033117,24.96629213483146
78,268,14001.796399199513,1.4994737475601552,0.49999328584613184,1,0,2025.0,1958.2165244728717,0.0,15.0,0.0,7.2164179104477615,8.44280353848734,24.932835820895523
79,272,14008.218606845854,1.4994814865666235,0.49999338458368875,4,0,2025.0,1958.577792353657,0.0,60.0,0.0,7.235294117647059,8.339944649446494,25.00735294117647
80,275,14029.284681035371,1.4994871430768058,0.4999934567518667,3,0,2025.0,1958.9339258104847,0.0,45.0,0.0,7.243636363636363,8.258142003981419,24.98909090909091
81,276,14079.999546310857,1.4994890012540636,0.49999348045928743,1,0,2025.0,1959.285134724513,0.0,15.0,0.0,7.246376811594203,8.231225296442688,24.96014492753623
82,277,14130.368653598212,1.4994908460148793,0.4999935039955355,1,0,2025.0,1959.630892712645,0.0,15.0,0.0,7.249097472924188,8.204481243132946,24.96028880866426
83,277,14195.400570853159,1.4994908460148793,0.4999935039955355,0,0,2025.0,1959.9680827450527,0.0,0.0,0.0,7.249097472924188,8.204481243132946,24.96028880866426
84,279,14230.10586681702,1.499494495864235,0.4999935505618757,2,0,2025.0,1960.2947040361364,0.0,30.0,0.0,7.247311827956989,8.143449756323973,24.96057347670251
85,283,14234.494490335524,1.4995016407990163,0.49999364172001176,4,0,2025.0,1960.611376481498,0.0,60.0,0.0,7.257950530035336,8.03972445680776,24.964664310954063
86,283,14298.575398068968,1.4995016407990163,0.49999364172001176,0,0,2025.0,1960.9190922665564,0.0,0.0,0.0,7.257950530035336,8.03972445680776,24.964664310954063
87,283,14362.356170047711,1.4995016407990163,0.49999364172001176,0,0,2025.0,1961.2192280212569,0.0,0.0,0.0,7.257950530035336,8.03972445680776,24.964664310954063
88,283,14425.84444115208,1.4995016407990163,0.49999364172001176,0,0,2025.0,1961.5117288956303,0.0,0.0,0.0,7.257950530035336,8.03972445680776,24.964664310954063
89,283,14489.049126025418,1.4995016407990163,0.49999364172001176,0,0,2025.0,1961.7953151266622,0.0,0.0,0.0,7.257950530035336,8.03972445680776,24.964664310954063
90,285,14521.977878016365,1.499372458752946,0.4998653430246177,2,0,2025.0,1962.0712480090544,0.0,30.0,0.0,7.2631578947368425,7.988834321719793,24.957894736842107
91,285,14584.637236001145,1.499372458752946,0.4998653430246177,0,0,2025.0,1962.340642015217,0.0,0.0,0.0,7.2631578947368425,7.988834321719793,24.957894736842107
92,285,14647.032771610047,1.499372458752946,0.4998653430246177,0,0,2025.0,1962.604464391099,0.0,0.0,0.0,7.2631578947368425,7.988834321719793,24.957894736842107
93,285,14709.169230398777,1.499372458752946,0.4998653430246177,0,0,2025.0,1962.8635412112694,0.0,0.0,0.0,7.2631578947368425,7.988834321719793,24.957894736842107
94,288,14726.051651791397,1.499378995640936,0.4998667457014446,3,0,2025.0,1963.117578607382,0.0,45.0,0.0,7.284722222222222,7.928798272357724,24.96527777777778
95,293,14712.684408487523,1.4994022143525476,0.49988601888403456,5,0,2025.0,1963.367243303872,0.0,75.0,0.0,7.290102389078498,7.798786759549301,24.928327645051194
96,296,14729.071284470716,1.4994082729908664,0.4998871740980477,3,0,2025.0,1963.613124016811,0.0,45.0,0.0,7.29054054054054,7.719941021530004,24.93918918918919
97,298,14760.215556053634,1.4994122443130755,0.49988793131886616,2,0,2025.0,1963.8557284170797,0.0,30.0,0.0,7.281879194630872,7.658845163039794,24.93959731543624
98,298,14821.121356495292,1.4994122443130755,0.49988793131886616,0,0,2025.0,1964.094199558343,0.0,0.0,0.0,7.281879194630872,7.658845163039794,24.93959731543624
99,298,14881.79506788183,1.4994122443130755,0.49988793131886616,0,0,2025.0,1964.3262886134607,0.0,0.0,0.0,7.281879194630872,7.658845163039794,24.93959731543624
100,298,14942.243104992944,1.4994122443130755,0.49988793131886616,0,0,2025.0,1964.5519628888842,0.0,0.0,0.0,7.281879194630872,7.658845163039794,24.93959731543624
