step,population_count,total_monomer_mass,mean_purine_ratio,mean_radiotropism
1,150,3600.0,1.5,0.5
2,159,5490.0,1.5,0.5
3,162,7470.000000000001,1.5,0.5
4,166,8262.052294921876,1.4997019442263209,0.49997638366415886
5,175,8414.992797698975,1.4997172728089674,0.49997759821857357
6,178,8555.888445676805,1.4997220378739846,0.4999779757766875
7,181,8684.163240986483,1.4997266449810458,0.49997834081906284
8,181,8851.127942164625,1.4997266449810458,0.49997834081906284
9,181,9012.455111303603,1.4997266449810458,0.49997834081906284
10,185,9107.041939792553,1.4997525448771685,0.5000057322121971
11,189,9195.540276409449,1.499757782022625,0.5000056108955369
12,193,9279.64644758193,1.4997628020843323,0.5000054946075464
13,197,9359.89420088828,1.4997676182856658,0.500005383041911
14,197,9496.704747746486,1.4997676182856658,0.500005383041911
15,198,9615.411269370474,1.4997687919306877,0.5000053558548306
16,200,9715.171584978367,1.4997711040113808,0.5000053022962824
17,200,9841.560153811897,1.4997711040113808,0.5000053022962824
18,200,9965.133330563745,1.4997711040113808,0.5000053022962824
19,202,10055.572063912667,1.4997733703082978,0.5000052497982993
20,207,10098.07944491964,1.4995398238833113,0.4999861842874727
21,207,10212.841905055193,1.4995398238833113,0.4999861842874727
22,207,10325.136115811514,1.4995398238833113,0.4999861842874727
23,207,10435.358527782053,1.4995398238833113,0.4999861842874727
24,207,10543.572812194257,1.4995398238833113,0.4999861842874727
25,208,10634.847211513013,1.4995420362684877,0.4999862507091676
26,209,10724.252464975696,1.499544227482514,0.4999863164952481
27,214,10751.86023819998,1.4995548763731095,0.4999866362033031
28,214,10852.773589378263,1.4995548763731095,0.4999866362033031
29,214,10952.088333948483,1.4995548763731095,0.4999866362033031
30,215,11035.02002479304,1.49955694671556,0.499986698360497
31,217,11101.595096722162,1.4995610301559696,0.4999868209562528
32,217,11196.844313977286,1.4995610301559696,0.4999868209562528
33,218,11275.827824627808,1.4995630437791074,0.4999868814105819
34,219,11353.62878550171,1.4995650390129929,0.4999869413128167
35,220,11430.26907626375,1.4995670161083883,0.4999870006704857
36,221,11505.789662342917,1.4995689753115178,0.49998705949098127
37,223,11565.232018391001,1.4995728410037912,0.49998717554935806
38,227,11593.63744235073,1.4995966590508911,0.500009343253361
39,230,11636.046553165066,1.4996019200197928,0.5000092213848388
40,236,11632.504204963341,1.4996120406972555,0.5000089869428515
41,237,11703.087385636842,1.499613677656339,0.5000089490232613
42,237,11787.862742322963,1.499613677656339,0.5000089490232613
43,237,11871.915829836755,1.499613677656339,0.5000089490232613
44,238,11940.27010020496,1.4996153008594635,0.5000089114223233
45,241,11977.930446815799,1.4996200896454452,0.500008800491755
46,242,12044.902027360236,1.4996216595229435,0.5000087641260865
47,244,12096.20632658205,1.4996247606743947,0.5000086922889875
48,249,12101.874237278946,1.4996322956006116,0.5000085177450319
49,249,12181.92709014424,1.4996322956006116,0.5000085177450319
50,249,12261.379090949486,1.4996322956006116,0.5000085177450319
51,249,12340.267794334439,1.4996322956006116,0.5000085177450319
52,249,12418.602557124095,1.4996322956006116,0.5000085177450319
53,249,12496.390262551917,1.4996322956006116,0.5000085177450319
54,249,12573.636220555532,1.4996322956006116,0.5000085177450319
55,250,12635.344825005264,1.4996337664182093,0.5000084836740518
56,250,12711.520025074384,1.4996337664182093,0.5000084836740518
57,250,12787.16565536476,1.4996337664182093,0.5000084836740518
58,250,12862.290932921018,1.4996337664182093,0.5000084836740518
59,252,12906.901043049036,1.4996366730339377,0.5000084163433053
60,260,12861.001023295594,1.4996478523252013,0.500008157378896
61,264,12874.59593643053,1.4994657740383392,0.49999318411652777
62,265,12932.70152974578,1.4994677899853646,0.49999320983684276
63,265,13005.349378257208,1.4994677899853646,0.49999320983684276
64,265,13077.550197307464,1.4994677899853646,0.49999320983684276
65,265,13149.325673115774,1.4994677899853646,0.49999320983684276
66,265,13220.68798031974,1.4994677899853646,0.49999320983684276
67,265,13291.646170149823,1.4994677899853646,0.49999320983684276
68,265,13362.207041152433,1.4994677899853646,0.49999320983684276
69,265,13432.375803435789,1.4994677899853646,0.49999320983684276
70,265,13502.156581668969,1.4994677899853646,0.49999320983684276
71,265,13571.552792513514,1.4994677899853646,0.49999320983684276
72,265,13640.56742459935,1.4994677899853646,0.49999320983684276
73,265,13709.203243164058,1.4994677899853646,0.49999320983684276
74,265,13777.462936731046,1.4994677899853646,0.49999320983684276
75,265,13845.34921944996,1.4994677899853646,0.49999320983684276
76,267,13882.864899757196,1.4994717765772343,0.49999326069948813
77,267,13950.012923672384,1.4994717765772343,0.49999326069948813
78,268,14001.796399199513,1.4994737475601552,0.49999328584613184
79,272,14008.218606845854,1.4994814865666235,0.49999338458368875
80,275,14029.284681035371,1.4994871430768058,0.4999934567518667
81,276,14079.999546310857,1.4994890012540636,0.49999348045928743
82,277,14130.368653598212,1.4994908460148793,0.4999935039955355
83,277,14195.400570853159,1.4994908460148793,0.4999935039955355
84,279,14230.105866817023,1.499494495864235,0.4999935505618757
85,283,14234.494490335524,1.4995016407990163,0.49999364172001176
86,283,14298.575398068966,1.4995016407990163,0.49999364172001176
87,283,14362.356170047711,1.4995016407990163,0.49999364172001176
88,283,14425.84444115208,1.4995016407990163,0.49999364172001176
89,283,14489.049126025417,1.4995016407990163,0.49999364172001176
90,285,14521.977878016365,1.499372458752946,0.4998653430246177
91,285,14584.637236001148,1.499372458752946,0.4998653430246177
92,285,14647.03277161005,1.499372458752946,0.4998653430246177
93,285,14709.169230398778,1.499372458752946,0.4998653430246177
94,288,14726.051651791398,1.499378995640936,0.4998667457014446
95,293,14712.684408487527,1.4994022143525476,0.49988601888403456
96,296,14729.071284470716,1.4994082729908664,0.4998871740980477
97,298,14760.215556053634,1.4994122443130755,0.49988793131886616
98,298,14821.121356495292,1.4994122443130755,0.49988793131886616
99,298,14881.79506788183,1.4994122443130755,0.49988793131886616
100,298,14942.243104992946,1.4994122443130755,0.49988793131886616
