step,population_count,total_monomer_mass,mean_purine_ratio,mean_radiotropism
1,146,3660.0,1.5003512504778433,0.5003887025861403
2,156,5535.0,1.5003287344215714,0.5003637857536953
3,159,7515.000000000001,1.5003225318853153,0.5003569218715502
4,165,8223.055883789062,1.500310803453122,0.5003439428944029
5,171,8424.259844894408,1.500299898068802,0.5003318747226695
6,177,8529.973684687615,1.5002897320325714,0.5003206247320705
7,180,8657.04576163102,1.5002849031653618,0.500315280986536
8,180,8824.63572386698,1.5002849031653618,0.500315280986536
9,180,8986.848382677583,1.5002849031653618,0.500315280986536
10,184,9082.257186978137,1.5002787096182888,0.500308427052046
11,190,9141.519977872256,1.5000845153401685,0.5004863944008079
12,194,9226.33834791355,1.5000827727558352,0.5004763656502758
13,199,9292.813198134949,1.500080693038352,0.5004643966640879
14,199,9430.817919547859,1.500080693038352,0.5004643966640879
15,199,9565.972377089503,1.500080693038352,0.5004643966640879
16,199,9697.136544346558,1.500080693038352,0.5004643966640879
17,200,9809.599766359333,1.5000802895731602,0.5004620746807674
18,200,9933.624322585136,1.5000802895731602,0.5004620746807674
19,201,10039.729531657242,1.5000798901225474,0.5004597758017586
20,206,10082.850537100923,1.5000779510419031,0.5004486161949199
21,207,10183.1817393411,1.5000775744668213,0.5004464489669251
22,207,10295.953483317475,1.5000775744668213,0.5004464489669251
23,207,10406.579654773923,1.5000775744668213,0.5004464489669251
24,207,10515.190681315136,1.5000775744668213,0.5004464489669251
25,208,10606.853825724851,1.500077201512654,0.500444302577661
26,208,10711.63908380381,1.500077201512654,0.500444302577661
27,212,10754.617577861369,1.5000757448803397,0.500435919510158
28,214,10825.891991136383,1.500075036984262,0.5004318454960444
29,215,10910.526264084694,1.5000746879750326,0.5004298369123419
30,215,11008.710321475119,1.5000746879750326,0.5004298369123419
31,216,11090.545077883904,1.5000743421973706,0.5004278469266366
32,218,11156.084774310915,1.5000736601588625,0.5004239217254748
33,218,11250.35551717451,1.5000736601588625,0.5004239217254748
34,219,11328.413187678878,1.5000733238111053,0.5004219860098333
35,221,11390.337037285588,1.5000726602472036,0.5004181671319163
36,222,11466.145372745246,1.5000723329487928,0.5004162834961869
37,224,11525.875891070344,1.500071687118893,0.5004125666792567
38,224,11614.58289686092,1.500071687118893,0.5004125666792567
39,231,11597.303171257401,1.500069514781957,0.5004000646586731
40,232,11669.083682748047,1.500069215149276,0.500398340242041
41,237,11679.943818899626,1.5000677549140593,0.5003899364394663
42,237,11764.98796819407,1.5000677549140593,0.5003899364394663
43,237,11849.24785127923,1.5000677549140593,0.5003899364394663
44,238,11917.80987015798,1.5000674702295462,0.5003882980510651
45,239,11985.677183092139,1.5000671879273306,0.5003866733730272
46,240,12052.853671649653,1.5000669079776334,0.5003850622339729
47,242,12104.35989724525,1.4999591697772454,0.5005268912129074
48,245,12140.20500599243,1.499826723546826,0.5004950869318245
49,247,12190.40012631665,1.4998281265950297,0.5004910781307571
50,247,12269.963130966138,1.4998281265950297,0.5004910781307571
51,247,12348.9244842464,1.4998281265950297,0.5004910781307571
52,247,12427.310600701081,1.4998281265950297,0.5004910781307571
53,247,12505.131304998591,1.4998281265950297,0.5004910781307571
54,247,12582.39443341719,1.4998281265950297,0.5004910781307571
55,247,12659.106558768679,1.4998281265950297,0.5004910781307571
56,247,12735.27351653457,1.4998281265950297,0.5004910781307571
57,247,12810.900779582074,1.4998281265950297,0.5004910781307571
58,249,12855.993718290814,1.4998295071043066,0.5004871337281005
59,250,12915.557774644889,1.4998301890758894,0.5004851851931881
60,251,12974.598572353905,1.4998308656134354,0.5004832521844502
61,259,12928.127253421277,1.499836089841592,0.5004683254760502
62,262,12956.1518390807,1.4998335510007912,0.5008022854369617
63,262,13028.687155735639,1.4998335510007912,0.5008022854369617
64,262,13100.768109315351,1.4998335510007912,0.5008022854369617
65,262,13172.413224032289,1.4998335510007912,0.5008022854369617
66,262,13243.636763098879,1.4998335510007912,0.5008022854369617
67,262,13314.449544422929,1.4998335510007912,0.5008022854369617
68,262,13384.85986137137,1.4998335510007912,0.5008022854369617
69,262,13454.874188833715,1.4998335510007912,0.5008022854369617
70,262,13524.497721255899,1.4998335510007912,0.5008022854369617
71,262,13593.734779496463,1.4998335510007912,0.5008022854369617
72,262,13662.589115574685,1.4998335510007912,0.5008022854369617
73,262,13731.06413821328,1.4998335510007912,0.5008022854369617
74,262,13799.163077194455,1.4998335510007912,0.5008022854369617
75,263,13851.889100681981,1.4998341838867197,0.5007992349219923
76,264,13904.245396603692,1.499834811978058,0.5007962075169847
77,265,13956.235226771452,1.4998354353290841,0.5007932029603168
78,268,13977.861960506862,1.4998372774709228,0.5007843238227013
79,269,14029.12978517366,1.4998378823873877,0.5007814081207582
80,273,14035.043895102048,1.4998402577370231,0.5007699589175236
81,276,14055.609936009807,1.4998419940659684,0.500761589798855
82,277,14105.835624436539,1.4998425644845028,0.5007588403771984
83,278,14155.728918008605,1.4998431307993068,0.5007561107355538
84,280,14190.30042462539,1.4998442512935974,0.5007507099445856
85,281,14239.561690304305,1.4998448055594564,0.5007480383789464
86,282,14288.522896721817,1.499845355894352,0.5007453857605815
87,282,14352.193120707361,1.499845355894352,0.5007453857605815
88,282,14415.581134263935,1.499845355894352,0.5007453857605815
89,282,14478.694890707548,1.499845355894352,0.5007453857605815
90,282,14541.54165388599,1.499845355894352,0.5007453857605815
91,283,14589.127512159841,1.499845902339955,0.5007427518886359
92,283,14651.45755259575,1.499845902339955,0.5007427518886359
93,285,14683.536021806081,1.4998469837270432,0.5007375395946806
94,288,14700.366471247282,1.499848577646553,0.5007298568905694
95,289,14746.952182804273,1.4999526706586044,0.5008171050535591
96,293,14748.296008998903,1.4998421501816233,0.5007847508029079
97,295,14779.401427833649,1.4998432203498835,0.5007794304584814
98,296,14825.272812030229,1.4998437500108637,0.5007767972474729
99,296,14885.91440429245,1.4998437500108637,0.5007767972474729
100,297,14931.332004245112,1.4998442761051032,0.5007741817685253
